year,report_code,report_name,period_order,period_label,revenue_growth_pct,operating_margin_pct,net_margin_pct,current_ratio_pct,debt_to_equity_pct,equity_ratio_pct,roa_pct,roe_pct,cfo_conversion_pct,dso_days,free_cash_flow
2021,11011,사업보고서,4,2021,,46.55490818671819,36.32922820768218,330.5657410845922,36.38575405573838,73.32144085894177,,,116.01914125627472,,1137630914072.0
2022,11011,사업보고서,4,2022,0.06964599656850595,39.10722483574612,30.995505967615543,847.6222748706975,10.694417091374213,90.3387927120603,29.00213032022115,35.2915134542493,97.95823616647434,19.645515807100104,593119903080.0
2023,11011,사업보고서,4,2023,-77.63723768287039,-37.836427667034066,-71.36203410032277,300.84085753346545,33.8078389696373,74.73403708634086,-13.272456665728367,-16.195138840707937,51.78807247251633,69.17976078522986,-384884430668.0
2024,11011,사업보고서,4,2024,5.932389105625246,-7.782808122218928,-14.129481860453962,531.4755911907581,32.60886947479128,75.40973721897979,-2.556621089229877,-3.405365014376426,-159.49408788571148,72.96526763853701,77743755175.0
2025,11011,사업보고서,4,2025,2.304583039848296,-11.391410651906801,-72.2491505681618,264.4097789447579,38.763614952006456,72.06500063765746,-14.398410906842122,-19.486593115043075,-69.63850455373182,70.49560020605493,300430578409.0
2021,11012,반기보고서,2,2021 H1,,50.020088401173915,35.9024232155968,301.51843604036895,41.61383311634266,70.6145704832699,,,208.17538752483546,,450107931702.0
2022,11012,반기보고서,2,2022 H1,1.8733337052235652,43.79156611951802,42.59147655007421,412.49110065972764,25.41814918793628,79.73327676056856,11.840347181191708,15.47918409050568,103.72785889706549,129.26150049368258,150453751983.0
2023,11012,반기보고서,2,2023 H1,-79.54269765771541,-46.97912332329203,-51.07076409296315,167.72871885093966,46.70399656953745,68.16446882045246,-2.1655106181187245,-2.93731747980961,159.04730095366756,432.5167004417504,-206753160312.0
2024,11012,반기보고서,2,2024 H1,2.965776196118593,-8.888129367974356,-10.741361873279674,574.143242674538,29.956086517080248,76.94907001285924,-0.46202742430975297,-0.6376874619736476,-216.86956279995954,142.48716007365726,-449202287.0
2025,11012,반기보고서,2,2025 H1,-0.5730790075175484,-12.360451613271081,165.24564375420172,752.2499496980408,29.38230376757988,77.29032262374787,7.1251331904336555,9.238741294618908,108.37719760812143,143.6840601924151,265983386739.0
2026,11012,반기보고서,2,2026 H1,11.997731951684202,-3.91477932414294,8.7462078200688,650.9713539288189,20.614743057204613,82.90860425957418,0.4780836598076446,0.600006849158484,-15.875145503463953,,
2021,Q3,3Q,3,2021 Q3,,55.516275791649406,24.768959277720334,407.97876587216166,28.76157334127215,77.66292179030624,,,-791.9665344502422,,477964982065.0
2021,Q4,4Q,4,2021 Q4,,46.37565796421288,35.24751518737913,330.5657410845922,36.38575405573838,73.32144085894177,29.405762600472467,39.00050430800347,18.184821724232137,7.949479752838236,98525623635.0
2022,Q1,1Q,1,2022 Q1,,44.626955434341205,34.20653663402535,263.4251126087608,48.87104443399129,67.17222975105783,13.832514939346524,19.79941721618563,22.905538085487972,36.77717287097888,2199229559.0
2022,Q2,2Q,2,2022 Q2,,45.746099763101945,22.973500985213036,412.49110065972764,25.41814918793628,79.73327676056856,-3.612239621101935,-4.92755911932234,-177.82988247009212,-120.27099379254007,148254522424.0
2022,Q3,3Q,3,2022 Q3,-3.881231677388751,22.432720173092484,-34.06932384453321,630.7984166880173,15.61828239306132,86.49151148953703,2.2114859664712196,2.6588229553094695,322.333855007248,-223.25346467605212,228687797525.0
2022,Q4,4Q,4,2022 Q4,-0.9331040137500579,35.835247917497774,20.459517416420834,847.6222748706975,10.694417091374213,90.3387927120603,13.743628261790713,15.571412865691489,55.68060883326332,12.557889075265377,213978353572.0
2023,Q1,1Q,1,2023 Q1,-86.8629630440921,-67.86100497947895,-121.9398412650301,248.15861190305023,51.26932375856349,66.10725659064032,-5.951179020141693,-7.760888585246671,32.42009196049316,65.45639515544495,-117881710688.0
2023,Q2,2Q,2,2023 Q2,-96.66968829999396,-239.70339051037124,-705.1397406865788,167.72871885093966,46.70399656953745,68.16446882045246,3.4000332051345805,5.06656794144053,-43.051734700574826,-674.7057103223724,-88871449624.0
2023,Q3,3Q,3,2023 Q3,-95.23920944667509,-277.07973301049805,-165.82788052578124,213.98323934689483,30.86671680556427,76.41362329626973,0.49245608928226176,0.6819836579301184,-522.9671575401464,-1060.2645021182648,-144537393670.0
2023,Q4,4Q,4,2023 Q4,-78.80374276707097,-40.393449154174746,-80.07454127934001,300.84085753346545,33.8078389696373,74.73403708634086,-10.602775066792072,-14.028775614233533,2.3605875747591627,24.82403432284776,-33593876686.0
2024,Q1,1Q,1,2024 Q1,-3.2956106477617757,-5.987892201064851,-6.329956291180462,461.3777270368689,29.502707351152875,77.2184628764904,-0.2965358480974445,-0.39034066365743497,-103.65100143806494,72.10610034265139,-12133390405.0
2024,Q2,2Q,2,2024 Q2,-54.82217658179277,48.40745719879531,76.40808690081184,574.143242674538,29.956086517080248,76.94907001285924,-0.18087796752587393,-0.23465444252570677,-402.165831239659,-1352.7219839376276,11684188118.0
2024,Q3,3Q,3,2024 Q3,-127.09288358996025,138.14893426497466,2644.4763851761777,582.5367695932939,29.364050712276814,77.30122816145698,2.1976119193778967,2.8494394993169796,162.13698667489538,3509.1339792008566,109781630706.0
2024,Q4,4Q,4,2024 Q4,3.828372942276935,-8.305516419373907,-31.17087021841552,531.4755911907581,32.60886947479128,75.40973721897979,-4.266503549595915,-5.588776426708654,10.615105432672904,21.939205633818183,-31588673244.0
2025,Q1,1Q,1,2025 Q1,5.066417210457832,-7.8579844056967465,-10.144235010650718,494.6332893694896,33.5584957172486,74.87355968107491,-0.48620538961642407,-0.6470387795243142,88.87263242178261,66.38966461833341,-30907858673.0
2025,Q2,2Q,2,2025 Q2,110.83789366624262,31.96503057339684,-1561.4167812013857,752.2499496980408,29.38230376757988,77.29032262374787,7.569719488763818,9.9478757961701,107.12970022684851,-664.4578904346251,296891245412.0
2025,Q3,3Q,3,2025 Q3,-173.52720827402152,-286.01846205441416,12326.190556759962,749.7099532545917,29.792741692305434,77.04591080837638,-7.213290800840653,-9.347615651171413,-5.225615367529752,-5185.981647063821,2418944379.0
2025,Q4,4Q,4,2025 Q4,4.279733186227004,-12.258450729925906,-92.14510305418531,264.4097789447579,38.763614952006456,72.06500063765746,-13.9370936206982,-18.629896263967265,-8.825979859803786,21.962904398732096,32028247291.0
2026,Q1,1Q,1,2026 Q1,4.426323006350878,-5.970301638211815,11.537961043334187,507.19888613384,24.05648876276193,80.60843974976102,0.7217258478781118,0.94800262534562,-18.54393256322977,,
2026,Q2,2Q,2,2026 Q2,-62.540590452923695,-60.32712579555868,85.36388743153015,650.9713539288189,20.614743057204613,82.90860425957418,-0.20591356201571506,-0.25188203375177054,-25.77481682633663,,
